epoch,train_loss,val_loss,val_acc,val_macro_f1,best_acc,lr,params,modalities
1,0.35733537281583994,NA,NA,NA,0.0,0.0001,8606392,vk+depth+lidar+mmwave
2,0.12468744826130569,NA,NA,NA,0.0,0.0001,8606392,vk+depth+lidar+mmwave
3,0.09809901254280703,NA,NA,NA,0.0,0.0001,8606392,vk+depth+lidar+mmwave
4,0.09206198369944468,NA,NA,NA,0.0,0.0001,8606392,vk+depth+lidar+mmwave
5,0.07728665731087676,0.18744440215781655,0.953875171467764,0.9538539339173494,0.953875171467764,0.0001,8606392,vk+depth+lidar+mmwave
6,0.07283891853353998,NA,NA,NA,0.953875171467764,0.0001,8606392,vk+depth+lidar+mmwave
7,0.06499427485311753,NA,NA,NA,0.953875171467764,0.0001,8606392,vk+depth+lidar+mmwave
8,0.060837414499328585,NA,NA,NA,0.953875171467764,0.0001,8606392,vk+depth+lidar+mmwave
9,0.06001071261607285,NA,NA,NA,0.953875171467764,0.0001,8606392,vk+depth+lidar+mmwave
10,0.05382527481231227,0.22685214376692925,0.9538128195535603,0.9539420430320251,0.953875171467764,0.0001,8606392,vk+depth+lidar+mmwave
11,0.05773391349188751,NA,NA,NA,0.953875171467764,0.0001,8606392,vk+depth+lidar+mmwave
12,0.049066721946262985,NA,NA,NA,0.953875171467764,0.0001,8606392,vk+depth+lidar+mmwave
13,0.049917173757990894,NA,NA,NA,0.953875171467764,0.0001,8606392,vk+depth+lidar+mmwave
14,0.057749537598730964,NA,NA,NA,0.953875171467764,0.0001,8606392,vk+depth+lidar+mmwave
15,0.04302076227709949,0.27188856778643,0.9460967701708443,0.9460594657256371,0.953875171467764,0.0001,8606392,vk+depth+lidar+mmwave
16,0.04240329793114688,NA,NA,NA,0.953875171467764,0.0001,8606392,vk+depth+lidar+mmwave
17,0.04528658168179936,NA,NA,NA,0.953875171467764,0.0001,8606392,vk+depth+lidar+mmwave
18,0.0400721077462731,NA,NA,NA,0.953875171467764,0.0001,8606392,vk+depth+lidar+mmwave
19,0.04451470014579354,NA,NA,NA,0.953875171467764,0.0001,8606392,vk+depth+lidar+mmwave
20,0.04010754212090706,0.2404262624682318,0.9490117221598703,0.9489667452368032,0.953875171467764,0.0001,8606392,vk+depth+lidar+mmwave
21,0.04200691785868457,NA,NA,NA,0.953875171467764,0.0001,8606392,vk+depth+lidar+mmwave
22,0.04244287694018067,NA,NA,NA,0.953875171467764,0.0001,8606392,vk+depth+lidar+mmwave
23,0.03734676397280509,NA,NA,NA,0.953875171467764,0.0001,8606392,vk+depth+lidar+mmwave
24,0.038317925636804376,NA,NA,NA,0.953875171467764,0.0001,8606392,vk+depth+lidar+mmwave
25,0.03496030478401326,0.2612477842979894,0.9526281331836888,0.9525151377622803,0.953875171467764,0.0001,8606392,vk+depth+lidar+mmwave
26,0.03241974785090804,NA,NA,NA,0.953875171467764,0.0001,8606392,vk+depth+lidar+mmwave
27,0.03642909897623849,NA,NA,NA,0.953875171467764,0.0001,8606392,vk+depth+lidar+mmwave
28,0.0349718150395463,NA,NA,NA,0.953875171467764,0.0001,8606392,vk+depth+lidar+mmwave
29,0.032514455863886044,NA,NA,NA,0.953875171467764,0.0001,8606392,vk+depth+lidar+mmwave
30,0.033186231841297285,0.32923814048129824,0.943509165731388,0.9432844964848592,0.953875171467764,0.0001,8606392,vk+depth+lidar+mmwave
31,0.03208503559711198,NA,NA,NA,0.953875171467764,0.0001,8606392,vk+depth+lidar+mmwave
32,0.033921937646662174,NA,NA,NA,0.953875171467764,0.0001,8606392,vk+depth+lidar+mmwave
33,0.031026449346906248,NA,NA,NA,0.953875171467764,0.0001,8606392,vk+depth+lidar+mmwave
34,0.029443842076971805,NA,NA,NA,0.953875171467764,0.0001,8606392,vk+depth+lidar+mmwave
35,0.03382040947048188,0.3323004832227242,0.9445379723157501,0.9443722409938101,0.953875171467764,0.0001,8606392,vk+depth+lidar+mmwave
36,0.030658865771785372,NA,NA,NA,0.953875171467764,0.0001,8606392,vk+depth+lidar+mmwave
37,0.02801565585144249,NA,NA,NA,0.953875171467764,0.0001,8606392,vk+depth+lidar+mmwave
38,0.03347555746951332,NA,NA,NA,0.953875171467764,0.0001,8606392,vk+depth+lidar+mmwave
39,0.032457753248369955,NA,NA,NA,0.953875171467764,0.0001,8606392,vk+depth+lidar+mmwave
40,0.026940431430266473,0.34236199846425713,0.9451926674148896,0.9447675899986862,0.953875171467764,0.0001,8606392,vk+depth+lidar+mmwave
41,0.029860346693648693,NA,NA,NA,0.953875171467764,0.0001,8606392,vk+depth+lidar+mmwave
42,0.031984130863254225,NA,NA,NA,0.953875171467764,0.0001,8606392,vk+depth+lidar+mmwave
43,0.026816833312528276,NA,NA,NA,0.953875171467764,0.0001,8606392,vk+depth+lidar+mmwave
44,0.026374981063362612,NA,NA,NA,0.953875171467764,0.0001,8606392,vk+depth+lidar+mmwave
45,0.028923495843495402,0.3471039077976148,0.9428077066965956,0.9425946383530586,0.953875171467764,0.0001,8606392,vk+depth+lidar+mmwave
46,0.026148261608777545,NA,NA,NA,0.953875171467764,0.0001,8606392,vk+depth+lidar+mmwave
47,0.027417798940870115,NA,NA,NA,0.953875171467764,0.0001,8606392,vk+depth+lidar+mmwave
48,0.02909223807247952,NA,NA,NA,0.953875171467764,0.0001,8606392,vk+depth+lidar+mmwave
49,0.022218553347010127,NA,NA,NA,0.953875171467764,0.0001,8606392,vk+depth+lidar+mmwave
50,0.024976623416291376,0.358324619579997,0.9432597580745729,0.9427121461148429,0.953875171467764,0.0001,8606392,vk+depth+lidar+mmwave
