project,file,method,split,modality_set,acc_pct,macro_f1_pct,loss,params
HAR,ablation_no_distill_all_combinations.csv,VK-RCD-HAR-Ablation-NoKD,random_split,vk,60.94,59.31,1.2789845950874275,8606392
HAR,ablation_no_distill_all_combinations.csv,VK-RCD-HAR-Ablation-NoKD,random_split,depth,86.85,86.78,0.848678677509692,8606392
HAR,ablation_no_distill_all_combinations.csv,VK-RCD-HAR-Ablation-NoKD,random_split,lidar,33.14,31.11,2.286185426478187,8606392
HAR,ablation_no_distill_all_combinations.csv,VK-RCD-HAR-Ablation-NoKD,random_split,mmwave,83.13,83.31,0.5908986121078758,8606392
HAR,ablation_no_distill_all_combinations.csv,VK-RCD-HAR-Ablation-NoKD,random_split,vk+depth,88.09,87.94,0.6939036768801969,8606392
HAR,ablation_no_distill_all_combinations.csv,VK-RCD-HAR-Ablation-NoKD,random_split,vk+lidar,63.63,62.65,1.1214073679610808,8606392
HAR,ablation_no_distill_all_combinations.csv,VK-RCD-HAR-Ablation-NoKD,random_split,vk+mmwave,91.05,91.12,0.31175264761565835,8606392
HAR,ablation_no_distill_all_combinations.csv,VK-RCD-HAR-Ablation-NoKD,random_split,depth+lidar,87.24,87.25,0.8043322427796905,8606392
HAR,ablation_no_distill_all_combinations.csv,VK-RCD-HAR-Ablation-NoKD,random_split,depth+mmwave,95.57,95.56,0.23735580691577332,8606392
HAR,ablation_no_distill_all_combinations.csv,VK-RCD-HAR-Ablation-NoKD,random_split,lidar+mmwave,85.92,86.09,0.4777052990755254,8606392
HAR,ablation_no_distill_all_combinations.csv,VK-RCD-HAR-Ablation-NoKD,random_split,vk+depth+lidar,88.62,88.53,0.657073602930562,8606392
HAR,ablation_no_distill_all_combinations.csv,VK-RCD-HAR-Ablation-NoKD,random_split,vk+depth+mmwave,95.96,95.95,0.20758348467936863,8606392
HAR,ablation_no_distill_all_combinations.csv,VK-RCD-HAR-Ablation-NoKD,random_split,vk+lidar+mmwave,91.23,91.29,0.30396861537113773,8606392
HAR,ablation_no_distill_all_combinations.csv,VK-RCD-HAR-Ablation-NoKD,random_split,depth+lidar+mmwave,95.50,95.50,0.2397069500427068,8606392
HAR,ablation_no_distill_all_combinations.csv,VK-RCD-HAR-Ablation-NoKD,random_split,vk+depth+lidar+mmwave,95.99,95.98,0.20876422374631767,8606392
HAR,ablation_uniform_fusion_all_combinations.csv,VK-RCD-HAR-Ablation-UniformFusion,random_split,vk,5.52,1.32,7.504210252213068,8606392
HAR,ablation_uniform_fusion_all_combinations.csv,VK-RCD-HAR-Ablation-UniformFusion,random_split,depth,85.59,85.30,0.8202100445885318,8606392
HAR,ablation_uniform_fusion_all_combinations.csv,VK-RCD-HAR-Ablation-UniformFusion,random_split,lidar,2.65,1.55,5.68753289514861,8606392
HAR,ablation_uniform_fusion_all_combinations.csv,VK-RCD-HAR-Ablation-UniformFusion,random_split,mmwave,69.91,68.71,1.2633893265397627,8606392
HAR,ablation_uniform_fusion_all_combinations.csv,VK-RCD-HAR-Ablation-UniformFusion,random_split,vk+depth,86.48,86.24,0.759148714820459,8606392
HAR,ablation_uniform_fusion_all_combinations.csv,VK-RCD-HAR-Ablation-UniformFusion,random_split,vk+lidar,4.58,1.76,7.40496143716903,8606392
HAR,ablation_uniform_fusion_all_combinations.csv,VK-RCD-HAR-Ablation-UniformFusion,random_split,vk+mmwave,67.75,66.21,1.3942937835837301,8606392
HAR,ablation_uniform_fusion_all_combinations.csv,VK-RCD-HAR-Ablation-UniformFusion,random_split,depth+lidar,86.16,85.91,0.7651490950709473,8606392
HAR,ablation_uniform_fusion_all_combinations.csv,VK-RCD-HAR-Ablation-UniformFusion,random_split,depth+mmwave,95.54,95.54,0.17931497268163638,8606392
HAR,ablation_uniform_fusion_all_combinations.csv,VK-RCD-HAR-Ablation-UniformFusion,random_split,lidar+mmwave,67.80,66.56,1.3653109843040874,8606392
HAR,ablation_uniform_fusion_all_combinations.csv,VK-RCD-HAR-Ablation-UniformFusion,random_split,vk+depth+lidar,86.43,86.19,0.7614188456137352,8606392
HAR,ablation_uniform_fusion_all_combinations.csv,VK-RCD-HAR-Ablation-UniformFusion,random_split,vk+depth+mmwave,95.50,95.49,0.18461626601368142,8606392
HAR,ablation_uniform_fusion_all_combinations.csv,VK-RCD-HAR-Ablation-UniformFusion,random_split,vk+lidar+mmwave,67.09,65.08,1.396880365753125,8606392
HAR,ablation_uniform_fusion_all_combinations.csv,VK-RCD-HAR-Ablation-UniformFusion,random_split,depth+lidar+mmwave,95.42,95.42,0.18395657534407547,8606392
HAR,ablation_uniform_fusion_all_combinations.csv,VK-RCD-HAR-Ablation-UniformFusion,random_split,vk+depth+lidar+mmwave,95.39,95.39,0.18737978452284068,8606392
HAR,all_combinations.csv,VK-RCD-HAR-Teacher,random_split,vk,3.40,0.45,4.846866876842048,8606392
HAR,all_combinations.csv,VK-RCD-HAR-Teacher,random_split,depth,83.71,82.80,0.9316779477152167,8606392
HAR,all_combinations.csv,VK-RCD-HAR-Teacher,random_split,lidar,3.45,1.22,5.6223953765204815,8606392
HAR,all_combinations.csv,VK-RCD-HAR-Teacher,random_split,mmwave,66.72,64.78,1.302802075715537,8606392
HAR,all_combinations.csv,VK-RCD-HAR-Teacher,random_split,vk+depth,83.50,82.60,0.9343671245146327,8606392
HAR,all_combinations.csv,VK-RCD-HAR-Teacher,random_split,vk+lidar,3.85,1.26,5.117083139751956,8606392
HAR,all_combinations.csv,VK-RCD-HAR-Teacher,random_split,vk+mmwave,66.46,63.67,1.3267332670940377,8606392
HAR,all_combinations.csv,VK-RCD-HAR-Teacher,random_split,depth+lidar,83.39,82.57,0.9515333203007702,8606392
HAR,all_combinations.csv,VK-RCD-HAR-Teacher,random_split,depth+mmwave,95.76,95.74,0.1944780354168872,8606392
HAR,all_combinations.csv,VK-RCD-HAR-Teacher,random_split,lidar+mmwave,66.64,63.92,1.3126759176192988,8606392
HAR,all_combinations.csv,VK-RCD-HAR-Teacher,random_split,vk+depth+lidar,83.70,82.97,0.9414283061716734,8606392
HAR,all_combinations.csv,VK-RCD-HAR-Teacher,random_split,vk+depth+mmwave,95.66,95.65,0.1980663145458062,8606392
HAR,all_combinations.csv,VK-RCD-HAR-Teacher,random_split,vk+lidar+mmwave,66.33,63.31,1.334837974615193,8606392
HAR,all_combinations.csv,VK-RCD-HAR-Teacher,random_split,depth+lidar+mmwave,95.62,95.61,0.20128617431641424,8606392
HAR,all_combinations.csv,VK-RCD-HAR-Teacher,random_split,vk+depth+lidar+mmwave,95.59,95.58,0.2035245884690266,8606392
HAR,student_nv_cross_scene_nonvisual_combinations.csv,VK-RCD-HAR-Student-NV-Missing,cross_scene_split,depth,88.82,88.79,1.1417176479900237,8606392
HAR,student_nv_cross_scene_nonvisual_combinations.csv,VK-RCD-HAR-Student-NV-Missing,cross_scene_split,lidar,8.94,6.39,3.6090860272869087,8606392
HAR,student_nv_cross_scene_nonvisual_combinations.csv,VK-RCD-HAR-Student-NV-Missing,cross_scene_split,mmwave,79.70,79.99,1.274382356450963,8606392
HAR,student_nv_cross_scene_nonvisual_combinations.csv,VK-RCD-HAR-Student-NV-Missing,cross_scene_split,depth+lidar,88.92,88.87,1.1100095358618587,8606392
HAR,student_nv_cross_scene_nonvisual_combinations.csv,VK-RCD-HAR-Student-NV-Missing,cross_scene_split,depth+mmwave,95.45,95.45,0.33049440080746095,8606392
HAR,student_nv_cross_scene_nonvisual_combinations.csv,VK-RCD-HAR-Student-NV-Missing,cross_scene_split,lidar+mmwave,79.68,79.99,1.1851007883480893,8606392
HAR,student_nv_cross_scene_nonvisual_combinations.csv,VK-RCD-HAR-Student-NV-Missing,cross_scene_split,depth+lidar+mmwave,95.41,95.40,0.3327911004309661,8606392
HAR,student_nv_cross_subject_nonvisual_combinations.csv,VK-RCD-HAR-Student-NV-Missing,cross_subject_split,depth,90.30,90.21,1.0042735858360679,8606392
HAR,student_nv_cross_subject_nonvisual_combinations.csv,VK-RCD-HAR-Student-NV-Missing,cross_subject_split,lidar,25.30,22.23,3.435617314337513,8606392
HAR,student_nv_cross_subject_nonvisual_combinations.csv,VK-RCD-HAR-Student-NV-Missing,cross_subject_split,mmwave,84.57,84.75,1.0003198994875258,8606392
HAR,student_nv_cross_subject_nonvisual_combinations.csv,VK-RCD-HAR-Student-NV-Missing,cross_subject_split,depth+lidar,90.43,90.34,0.9620236587260682,8606392
HAR,student_nv_cross_subject_nonvisual_combinations.csv,VK-RCD-HAR-Student-NV-Missing,cross_subject_split,depth+mmwave,95.76,95.74,0.39146842235792073,8606392
HAR,student_nv_cross_subject_nonvisual_combinations.csv,VK-RCD-HAR-Student-NV-Missing,cross_subject_split,lidar+mmwave,86.74,86.76,0.787835282461072,8606392
HAR,student_nv_cross_subject_nonvisual_combinations.csv,VK-RCD-HAR-Student-NV-Missing,cross_subject_split,depth+lidar+mmwave,95.70,95.67,0.3925867510688837,8606392
HAR,student_nv_nonvisual_combinations.csv,VK-RCD-HAR-Student-NV-Missing,random_split,depth,88.57,88.47,0.7901308851629925,8606392
HAR,student_nv_nonvisual_combinations.csv,VK-RCD-HAR-Student-NV-Missing,random_split,lidar,26.31,25.14,2.703218692452113,8606392
HAR,student_nv_nonvisual_combinations.csv,VK-RCD-HAR-Student-NV-Missing,random_split,mmwave,83.37,83.57,0.7776917279436496,8606392
HAR,student_nv_nonvisual_combinations.csv,VK-RCD-HAR-Student-NV-Missing,random_split,depth+lidar,88.66,88.55,0.7626760703742038,8606392
HAR,student_nv_nonvisual_combinations.csv,VK-RCD-HAR-Student-NV-Missing,random_split,depth+mmwave,96.18,96.19,0.19105779743500714,8606392
HAR,student_nv_nonvisual_combinations.csv,VK-RCD-HAR-Student-NV-Missing,random_split,lidar+mmwave,85.39,85.47,0.6319157878935703,8606392
HAR,student_nv_nonvisual_combinations.csv,VK-RCD-HAR-Student-NV-Missing,random_split,depth+lidar+mmwave,96.11,96.12,0.19373982496045541,8606392
HAR,student_nv_random_nonvisual_combinations.csv,VK-RCD-HAR-Student-NV-Missing,random_split,depth,88.57,88.47,0.7901308851629925,8606392
HAR,student_nv_random_nonvisual_combinations.csv,VK-RCD-HAR-Student-NV-Missing,random_split,lidar,26.12,25.01,2.6992324708778264,8606392
HAR,student_nv_random_nonvisual_combinations.csv,VK-RCD-HAR-Student-NV-Missing,random_split,mmwave,83.37,83.57,0.7776917279436496,8606392
HAR,student_nv_random_nonvisual_combinations.csv,VK-RCD-HAR-Student-NV-Missing,random_split,depth+lidar,88.68,88.56,0.7621927820525216,8606392
HAR,student_nv_random_nonvisual_combinations.csv,VK-RCD-HAR-Student-NV-Missing,random_split,depth+mmwave,96.18,96.19,0.19105779743500714,8606392
HAR,student_nv_random_nonvisual_combinations.csv,VK-RCD-HAR-Student-NV-Missing,random_split,lidar+mmwave,85.30,85.38,0.6355615203537895,8606392
HAR,student_nv_random_nonvisual_combinations.csv,VK-RCD-HAR-Student-NV-Missing,random_split,depth+lidar+mmwave,96.12,96.13,0.19378730735576435,8606392
HAR,student_vk_all_combinations.csv,VK-RCD-HAR-Student-VK-Missing,random_split,vk,65.31,65.70,1.6521573640942944,8606392
HAR,student_vk_all_combinations.csv,VK-RCD-HAR-Student-VK-Missing,random_split,depth,88.02,87.86,0.8458911920093689,8606392
HAR,student_vk_all_combinations.csv,VK-RCD-HAR-Student-VK-Missing,random_split,lidar,40.69,40.00,2.1956780843943897,8606392
HAR,student_vk_all_combinations.csv,VK-RCD-HAR-Student-VK-Missing,random_split,mmwave,85.88,86.06,0.6488487265871812,8606392
HAR,student_vk_all_combinations.csv,VK-RCD-HAR-Student-VK-Missing,random_split,vk+depth,89.51,89.36,0.679921863725681,8606392
HAR,student_vk_all_combinations.csv,VK-RCD-HAR-Student-VK-Missing,random_split,vk+lidar,68.48,69.01,1.3509701982295037,8606392
HAR,student_vk_all_combinations.csv,VK-RCD-HAR-Student-VK-Missing,random_split,vk+mmwave,92.75,92.82,0.35926588979343704,8606392
HAR,student_vk_all_combinations.csv,VK-RCD-HAR-Student-VK-Missing,random_split,depth+lidar,88.53,88.40,0.7774362448640776,8606392
HAR,student_vk_all_combinations.csv,VK-RCD-HAR-Student-VK-Missing,random_split,depth+mmwave,96.45,96.44,0.16522132278697071,8606392
HAR,student_vk_all_combinations.csv,VK-RCD-HAR-Student-VK-Missing,random_split,lidar+mmwave,89.43,89.48,0.464873525980793,8606392
HAR,student_vk_all_combinations.csv,VK-RCD-HAR-Student-VK-Missing,random_split,vk+depth+lidar,89.68,89.55,0.6614443251008041,8606392
HAR,student_vk_all_combinations.csv,VK-RCD-HAR-Student-VK-Missing,random_split,vk+depth+mmwave,96.56,96.55,0.1623159114804314,8606392
HAR,student_vk_all_combinations.csv,VK-RCD-HAR-Student-VK-Missing,random_split,vk+lidar+mmwave,92.75,92.83,0.35011194996465206,8606392
HAR,student_vk_all_combinations.csv,VK-RCD-HAR-Student-VK-Missing,random_split,depth+lidar+mmwave,96.44,96.44,0.16721012180010664,8606392
HAR,student_vk_all_combinations.csv,VK-RCD-HAR-Student-VK-Missing,random_split,vk+depth+lidar+mmwave,96.53,96.52,0.16233763878045018,8606392
HAR,student_vk_cross_scene_all_combinations.csv,VK-RCD-HAR-Student-VK-Missing,cross_scene_split,vk,57.99,57.53,2.1022117168062153,8606392
HAR,student_vk_cross_scene_all_combinations.csv,VK-RCD-HAR-Student-VK-Missing,cross_scene_split,depth,87.41,87.30,1.2967511967312735,8606392
HAR,student_vk_cross_scene_all_combinations.csv,VK-RCD-HAR-Student-VK-Missing,cross_scene_split,lidar,19.98,17.51,3.891405961347096,8606392
HAR,student_vk_cross_scene_all_combinations.csv,VK-RCD-HAR-Student-VK-Missing,cross_scene_split,mmwave,80.30,80.17,1.2871578341515157,8606392
HAR,student_vk_cross_scene_all_combinations.csv,VK-RCD-HAR-Student-VK-Missing,cross_scene_split,vk+depth,88.84,88.79,1.0430204570921595,8606392
HAR,student_vk_cross_scene_all_combinations.csv,VK-RCD-HAR-Student-VK-Missing,cross_scene_split,vk+lidar,59.39,58.81,1.9564501910886514,8606392
HAR,student_vk_cross_scene_all_combinations.csv,VK-RCD-HAR-Student-VK-Missing,cross_scene_split,vk+mmwave,88.76,88.65,0.6773004910543174,8606392
HAR,student_vk_cross_scene_all_combinations.csv,VK-RCD-HAR-Student-VK-Missing,cross_scene_split,depth+lidar,87.65,87.49,1.2098254834940099,8606392
HAR,student_vk_cross_scene_all_combinations.csv,VK-RCD-HAR-Student-VK-Missing,cross_scene_split,depth+mmwave,94.94,94.93,0.40101346033286706,8606392
HAR,student_vk_cross_scene_all_combinations.csv,VK-RCD-HAR-Student-VK-Missing,cross_scene_split,lidar+mmwave,81.15,81.42,1.160274254244867,8606392
HAR,student_vk_cross_scene_all_combinations.csv,VK-RCD-HAR-Student-VK-Missing,cross_scene_split,vk+depth+lidar,88.95,88.88,1.0157533393471734,8606392
HAR,student_vk_cross_scene_all_combinations.csv,VK-RCD-HAR-Student-VK-Missing,cross_scene_split,vk+depth+mmwave,95.32,95.32,0.3618694115858596,8606392
HAR,student_vk_cross_scene_all_combinations.csv,VK-RCD-HAR-Student-VK-Missing,cross_scene_split,vk+lidar+mmwave,88.33,88.34,0.6852447949957972,8606392
HAR,student_vk_cross_scene_all_combinations.csv,VK-RCD-HAR-Student-VK-Missing,cross_scene_split,depth+lidar+mmwave,94.87,94.87,0.4039951819567402,8606392
HAR,student_vk_cross_scene_all_combinations.csv,VK-RCD-HAR-Student-VK-Missing,cross_scene_split,vk+depth+lidar+mmwave,95.25,95.25,0.3667532221915298,8606392
HAR,student_vk_cross_subject_all_combinations.csv,VK-RCD-HAR-Student-VK-Missing,cross_subject_split,vk,65.22,67.65,2.5282486496537637,8606392
HAR,student_vk_cross_subject_all_combinations.csv,VK-RCD-HAR-Student-VK-Missing,cross_subject_split,depth,90.05,89.96,1.1589183758408406,8606392
HAR,student_vk_cross_subject_all_combinations.csv,VK-RCD-HAR-Student-VK-Missing,cross_subject_split,lidar,38.46,36.69,3.1196742962733977,8606392
HAR,student_vk_cross_subject_all_combinations.csv,VK-RCD-HAR-Student-VK-Missing,cross_subject_split,mmwave,85.21,85.45,0.9812748078993827,8606392
HAR,student_vk_cross_subject_all_combinations.csv,VK-RCD-HAR-Student-VK-Missing,cross_subject_split,vk+depth,91.58,91.51,0.9310396367499253,8606392
HAR,student_vk_cross_subject_all_combinations.csv,VK-RCD-HAR-Student-VK-Missing,cross_subject_split,vk+lidar,68.95,70.90,2.0498965281072135,8606392
HAR,student_vk_cross_subject_all_combinations.csv,VK-RCD-HAR-Student-VK-Missing,cross_subject_split,vk+mmwave,93.12,93.12,0.45882196800758596,8606392
HAR,student_vk_cross_subject_all_combinations.csv,VK-RCD-HAR-Student-VK-Missing,cross_subject_split,depth+lidar,90.28,90.17,1.0659212536052487,8606392
HAR,student_vk_cross_subject_all_combinations.csv,VK-RCD-HAR-Student-VK-Missing,cross_subject_split,depth+mmwave,95.71,95.68,0.4000372460968719,8606392
HAR,student_vk_cross_subject_all_combinations.csv,VK-RCD-HAR-Student-VK-Missing,cross_subject_split,lidar+mmwave,88.10,88.14,0.756834638944133,8606392
HAR,student_vk_cross_subject_all_combinations.csv,VK-RCD-HAR-Student-VK-Missing,cross_subject_split,vk+depth+lidar,91.72,91.64,0.9043901931835013,8606392
HAR,student_vk_cross_subject_all_combinations.csv,VK-RCD-HAR-Student-VK-Missing,cross_subject_split,vk+depth+mmwave,96.10,96.07,0.3678709039962598,8606392
HAR,student_vk_cross_subject_all_combinations.csv,VK-RCD-HAR-Student-VK-Missing,cross_subject_split,vk+lidar+mmwave,93.06,93.06,0.44812175494419326,8606392
HAR,student_vk_cross_subject_all_combinations.csv,VK-RCD-HAR-Student-VK-Missing,cross_subject_split,depth+lidar+mmwave,95.74,95.71,0.39272126467440144,8606392
HAR,student_vk_cross_subject_all_combinations.csv,VK-RCD-HAR-Student-VK-Missing,cross_subject_split,vk+depth+lidar+mmwave,96.12,96.10,0.3626906109684105,8606392
HAR,student_vk_random_all_combinations.csv,VK-RCD-HAR-Student-VK-Missing,random_split,vk,65.31,65.70,1.6521573640942944,8606392
HAR,student_vk_random_all_combinations.csv,VK-RCD-HAR-Student-VK-Missing,random_split,depth,88.02,87.86,0.8458911920093689,8606392
HAR,student_vk_random_all_combinations.csv,VK-RCD-HAR-Student-VK-Missing,random_split,lidar,40.80,40.10,2.1931977342697166,8606392
HAR,student_vk_random_all_combinations.csv,VK-RCD-HAR-Student-VK-Missing,random_split,mmwave,85.88,86.06,0.6488487265871812,8606392
HAR,student_vk_random_all_combinations.csv,VK-RCD-HAR-Student-VK-Missing,random_split,vk+depth,89.51,89.36,0.679921863725681,8606392
HAR,student_vk_random_all_combinations.csv,VK-RCD-HAR-Student-VK-Missing,random_split,vk+lidar,68.54,69.05,1.3546980934187294,8606392
HAR,student_vk_random_all_combinations.csv,VK-RCD-HAR-Student-VK-Missing,random_split,vk+mmwave,92.75,92.82,0.35926588979343704,8606392
HAR,student_vk_random_all_combinations.csv,VK-RCD-HAR-Student-VK-Missing,random_split,depth+lidar,88.52,88.39,0.7787157402854368,8606392
HAR,student_vk_random_all_combinations.csv,VK-RCD-HAR-Student-VK-Missing,random_split,depth+mmwave,96.45,96.44,0.16522132278697071,8606392
HAR,student_vk_random_all_combinations.csv,VK-RCD-HAR-Student-VK-Missing,random_split,lidar+mmwave,89.51,89.57,0.46222985791410676,8606392
HAR,student_vk_random_all_combinations.csv,VK-RCD-HAR-Student-VK-Missing,random_split,vk+depth+lidar,89.62,89.49,0.6605756269592336,8606392
HAR,student_vk_random_all_combinations.csv,VK-RCD-HAR-Student-VK-Missing,random_split,vk+depth+mmwave,96.56,96.55,0.1623159114804314,8606392
HAR,student_vk_random_all_combinations.csv,VK-RCD-HAR-Student-VK-Missing,random_split,vk+lidar+mmwave,92.73,92.81,0.34981674212181413,8606392
HAR,student_vk_random_all_combinations.csv,VK-RCD-HAR-Student-VK-Missing,random_split,depth+lidar+mmwave,96.44,96.43,0.16708852564985235,8606392
HAR,student_vk_random_all_combinations.csv,VK-RCD-HAR-Student-VK-Missing,random_split,vk+depth+lidar+mmwave,96.56,96.55,0.1621165380763363,8606392
HAR,teacher_cross_scene_all_combinations.csv,VK-RCD-HAR-Teacher,cross_scene_split,vk,4.44,0.79,8.879861623953369,8606392
HAR,teacher_cross_scene_all_combinations.csv,VK-RCD-HAR-Teacher,cross_scene_split,depth,84.86,84.47,1.291192017999247,8606392
HAR,teacher_cross_scene_all_combinations.csv,VK-RCD-HAR-Teacher,cross_scene_split,lidar,3.96,1.50,9.196009492639265,8606392
HAR,teacher_cross_scene_all_combinations.csv,VK-RCD-HAR-Teacher,cross_scene_split,mmwave,61.11,59.73,2.4529748359219687,8606392
HAR,teacher_cross_scene_all_combinations.csv,VK-RCD-HAR-Teacher,cross_scene_split,vk+depth,85.21,84.97,1.378218419147616,8606392
HAR,teacher_cross_scene_all_combinations.csv,VK-RCD-HAR-Teacher,cross_scene_split,vk+lidar,4.01,1.49,8.57123276444352,8606392
HAR,teacher_cross_scene_all_combinations.csv,VK-RCD-HAR-Teacher,cross_scene_split,vk+mmwave,60.86,59.44,2.6776235968771824,8606392
HAR,teacher_cross_scene_all_combinations.csv,VK-RCD-HAR-Teacher,cross_scene_split,depth+lidar,84.33,83.84,1.380286816256279,8606392
HAR,teacher_cross_scene_all_combinations.csv,VK-RCD-HAR-Teacher,cross_scene_split,depth+mmwave,95.07,95.10,0.409839346604367,8606392
HAR,teacher_cross_scene_all_combinations.csv,VK-RCD-HAR-Teacher,cross_scene_split,lidar+mmwave,60.49,58.23,2.451947396383704,8606392
HAR,teacher_cross_scene_all_combinations.csv,VK-RCD-HAR-Teacher,cross_scene_split,vk+depth+lidar,84.86,84.57,1.3798360993154992,8606392
HAR,teacher_cross_scene_all_combinations.csv,VK-RCD-HAR-Teacher,cross_scene_split,vk+depth+mmwave,94.96,94.99,0.43060756511855725,8606392
HAR,teacher_cross_scene_all_combinations.csv,VK-RCD-HAR-Teacher,cross_scene_split,vk+lidar+mmwave,61.15,59.02,2.5429036805431626,8606392
HAR,teacher_cross_scene_all_combinations.csv,VK-RCD-HAR-Teacher,cross_scene_split,depth+lidar+mmwave,94.83,94.86,0.42576679548628377,8606392
HAR,teacher_cross_scene_all_combinations.csv,VK-RCD-HAR-Teacher,cross_scene_split,vk+depth+lidar+mmwave,94.80,94.83,0.43833234462161585,8606392
HAR,teacher_cross_subject_all_combinations.csv,VK-RCD-HAR-Teacher,cross_subject_split,vk,5.15,2.00,10.350211375535956,8606392
HAR,teacher_cross_subject_all_combinations.csv,VK-RCD-HAR-Teacher,cross_subject_split,depth,81.74,80.25,1.6866505850692821,8606392
HAR,teacher_cross_subject_all_combinations.csv,VK-RCD-HAR-Teacher,cross_subject_split,lidar,3.89,2.75,9.780208195462937,8606392
HAR,teacher_cross_subject_all_combinations.csv,VK-RCD-HAR-Teacher,cross_subject_split,mmwave,72.35,71.76,1.7454650973477273,8606392
HAR,teacher_cross_subject_all_combinations.csv,VK-RCD-HAR-Teacher,cross_subject_split,vk+depth,82.87,81.39,1.6143775828160458,8606392
HAR,teacher_cross_subject_all_combinations.csv,VK-RCD-HAR-Teacher,cross_subject_split,vk+lidar,4.11,1.75,10.61111086912914,8606392
HAR,teacher_cross_subject_all_combinations.csv,VK-RCD-HAR-Teacher,cross_subject_split,vk+mmwave,69.56,68.95,2.1454527087412356,8606392
HAR,teacher_cross_subject_all_combinations.csv,VK-RCD-HAR-Teacher,cross_subject_split,depth+lidar,82.45,81.23,1.6115474022270826,8606392
HAR,teacher_cross_subject_all_combinations.csv,VK-RCD-HAR-Teacher,cross_subject_split,depth+mmwave,95.74,95.71,0.3667334464620227,8606392
HAR,teacher_cross_subject_all_combinations.csv,VK-RCD-HAR-Teacher,cross_subject_split,lidar+mmwave,69.75,68.99,2.143022801417606,8606392
HAR,teacher_cross_subject_all_combinations.csv,VK-RCD-HAR-Teacher,cross_subject_split,vk+depth+lidar,82.85,81.62,1.5905857921710291,8606392
HAR,teacher_cross_subject_all_combinations.csv,VK-RCD-HAR-Teacher,cross_subject_split,vk+depth+mmwave,95.72,95.69,0.37230491854384,8606392
HAR,teacher_cross_subject_all_combinations.csv,VK-RCD-HAR-Teacher,cross_subject_split,vk+lidar+mmwave,69.26,68.44,2.2171992457515257,8606392
HAR,teacher_cross_subject_all_combinations.csv,VK-RCD-HAR-Teacher,cross_subject_split,depth+lidar+mmwave,95.51,95.47,0.3987231948412287,8606392
HAR,teacher_cross_subject_all_combinations.csv,VK-RCD-HAR-Teacher,cross_subject_split,vk+depth+lidar+mmwave,95.52,95.48,0.39727602491193986,8606392
HAR,teacher_random_all_combinations.csv,VK-RCD-HAR-Teacher,random_split,vk,3.40,0.45,4.846866876842048,8606392
HAR,teacher_random_all_combinations.csv,VK-RCD-HAR-Teacher,random_split,depth,83.71,82.80,0.9316779477152167,8606392
HAR,teacher_random_all_combinations.csv,VK-RCD-HAR-Teacher,random_split,lidar,3.36,1.17,5.619264955862693,8606392
HAR,teacher_random_all_combinations.csv,VK-RCD-HAR-Teacher,random_split,mmwave,66.72,64.78,1.302802075715537,8606392
HAR,teacher_random_all_combinations.csv,VK-RCD-HAR-Teacher,random_split,vk+depth,83.50,82.60,0.9343671245146327,8606392
HAR,teacher_random_all_combinations.csv,VK-RCD-HAR-Teacher,random_split,vk+lidar,3.91,1.31,5.11935692134381,8606392
HAR,teacher_random_all_combinations.csv,VK-RCD-HAR-Teacher,random_split,vk+mmwave,66.46,63.67,1.3267332670940377,8606392
HAR,teacher_random_all_combinations.csv,VK-RCD-HAR-Teacher,random_split,depth+lidar,83.37,82.54,0.9506096896975155,8606392
HAR,teacher_random_all_combinations.csv,VK-RCD-HAR-Teacher,random_split,depth+mmwave,95.76,95.74,0.1944780354168872,8606392
HAR,teacher_random_all_combinations.csv,VK-RCD-HAR-Teacher,random_split,lidar+mmwave,66.69,63.96,1.31343708934389,8606392
HAR,teacher_random_all_combinations.csv,VK-RCD-HAR-Teacher,random_split,vk+depth+lidar,83.66,82.91,0.9398841806217653,8606392
HAR,teacher_random_all_combinations.csv,VK-RCD-HAR-Teacher,random_split,vk+depth+mmwave,95.66,95.65,0.1980663145458062,8606392
HAR,teacher_random_all_combinations.csv,VK-RCD-HAR-Teacher,random_split,vk+lidar+mmwave,66.39,63.36,1.3339765924933542,8606392
HAR,teacher_random_all_combinations.csv,VK-RCD-HAR-Teacher,random_split,depth+lidar+mmwave,95.64,95.63,0.20131646432701975,8606392
HAR,teacher_random_all_combinations.csv,VK-RCD-HAR-Teacher,random_split,vk+depth+lidar+mmwave,95.57,95.56,0.20351731765346884,8606392
HAR,ablation_no_distill\final_eval.csv,VK-RCD-HAR-Ablation-NoKD,random_split,vk+depth+lidar+mmwave,95.97,95.95,0.20892225346460686,8606392
HAR,ablation_uniform_fusion\final_eval.csv,VK-RCD-HAR-Ablation-UniformFusion,random_split,vk+depth+lidar+mmwave,95.40,95.40,0.1872714608298971,8606392
HAR,student_nv_missing_cross_scene\final_eval.csv,VK-RCD-HAR-Student-NV-Missing,cross_scene_split,depth+lidar+mmwave,95.41,95.40,0.33270550553771955,8606392
HAR,student_nv_missing_cross_subject\final_eval.csv,VK-RCD-HAR-Student-NV-Missing,cross_subject_split,depth+lidar+mmwave,95.66,95.64,0.3926304536989274,8606392
HAR,student_vk_missing\final_eval.csv,VK-RCD-HAR-Student-VK-Missing,random_split,vk+depth+lidar+mmwave,96.54,96.53,0.16269618745436706,8606392
HAR,student_vk_missing_cross_scene\final_eval.csv,VK-RCD-HAR-Student-VK-Missing,cross_subject_split,vk+depth+lidar+mmwave,96.12,96.10,0.36244499311085576,8606392
HAR,teacher_full\final_eval.csv,VK-RCD-HAR-Teacher,random_split,vk+depth+lidar+mmwave,95.57,95.56,0.20333090068832432,8606392
HAR,teacher_full_cross_scene\final_eval.csv,VK-RCD-HAR-Teacher,cross_scene_split,vk+depth+lidar+mmwave,94.80,94.83,0.438138599422494,8606392
HAR,teacher_full_cross_subject\final_eval.csv,VK-RCD-HAR-Student-VK-Missing,cross_subject_split,vk+depth+lidar+mmwave,96.12,96.10,0.36244499311085576,8606392
