epoch,train_loss,val_mse,val_mpjpe,val_pa_mpjpe,best_mpjpe,lr,params,student_modalities,drop_counts
1,-0.005133172482252121,NA,NA,NA,inf,0.0001,8895208,vk+depth+lidar+mmwave+wifi-csi,1/2/3
2,-0.4046577199846506,NA,NA,NA,inf,0.0001,8895208,vk+depth+lidar+mmwave+wifi-csi,1/2/3
3,-0.44507313673943283,NA,NA,NA,inf,0.0001,8895208,vk+depth+lidar+mmwave+wifi-csi,1/2/3
4,-0.46430194284021853,NA,NA,NA,inf,0.0001,8895208,vk+depth+lidar+mmwave+wifi-csi,1/2/3
5,-0.47714451311528683,0.00295127167483804,0.08126917089800062,0.047160569108376196,0.08126917089800062,0.0001,8895208,vk+depth+lidar+mmwave+wifi-csi,1/2/3
6,-0.48642176553606986,NA,NA,NA,0.08126917089800062,0.0001,8895208,vk+depth+lidar+mmwave+wifi-csi,1/2/3
7,-0.4937414930909872,NA,NA,NA,0.08126917089800062,0.0001,8895208,vk+depth+lidar+mmwave+wifi-csi,1/2/3
8,-0.5094412929862737,NA,NA,NA,0.08126917089800062,0.0001,8895208,vk+depth+lidar+mmwave+wifi-csi,1/2/3
9,-0.5144350806325674,NA,NA,NA,0.08126917089800062,0.0001,8895208,vk+depth+lidar+mmwave+wifi-csi,1/2/3
10,-0.5220824992209673,0.0020829161351957432,0.06346505254271069,0.046165481744072256,0.06346505254271069,0.0001,8895208,vk+depth+lidar+mmwave+wifi-csi,1/2/3
11,-0.5252572005838155,NA,NA,NA,0.06346505254271069,0.0001,8895208,vk+depth+lidar+mmwave+wifi-csi,1/2/3
12,-0.5266600227020681,NA,NA,NA,0.06346505254271069,0.0001,8895208,vk+depth+lidar+mmwave+wifi-csi,1/2/3
13,-0.5307254918515683,NA,NA,NA,0.06346505254271069,0.0001,8895208,vk+depth+lidar+mmwave+wifi-csi,1/2/3
14,-0.5397306497097015,NA,NA,NA,0.06346505254271069,0.0001,8895208,vk+depth+lidar+mmwave+wifi-csi,1/2/3
15,-0.5435234027802944,0.001856307839116316,0.05978923901490015,0.04177859327170531,0.05978923901490015,0.0001,8895208,vk+depth+lidar+mmwave+wifi-csi,1/2/3
16,-0.5407312921732664,NA,NA,NA,0.05978923901490015,0.0001,8895208,vk+depth+lidar+mmwave+wifi-csi,1/2/3
17,-0.5440289535224437,NA,NA,NA,0.05978923901490015,0.0001,8895208,vk+depth+lidar+mmwave+wifi-csi,1/2/3
18,-0.5447600882202387,NA,NA,NA,0.05978923901490015,0.0001,8895208,vk+depth+lidar+mmwave+wifi-csi,1/2/3
19,-0.554568511620164,NA,NA,NA,0.05978923901490015,0.0001,8895208,vk+depth+lidar+mmwave+wifi-csi,1/2/3
20,-0.5561960285305977,0.0018759638728467766,0.060003954935310216,0.039089661712719326,0.05978923901490015,0.0001,8895208,vk+depth+lidar+mmwave+wifi-csi,1/2/3
21,-0.5505112023353577,NA,NA,NA,0.05978923901490015,0.0001,8895208,vk+depth+lidar+mmwave+wifi-csi,1/2/3
22,-0.5503613007366657,NA,NA,NA,0.05978923901490015,0.0001,8895208,vk+depth+lidar+mmwave+wifi-csi,1/2/3
23,-0.558956797927618,NA,NA,NA,0.05978923901490015,0.0001,8895208,vk+depth+lidar+mmwave+wifi-csi,1/2/3
24,-0.5618739492744207,NA,NA,NA,0.05978923901490015,0.0001,8895208,vk+depth+lidar+mmwave+wifi-csi,1/2/3
25,-0.5715472384393215,0.0015910273692834264,0.05310087215723518,0.03769438366186713,0.05310087215723518,0.0001,8895208,vk+depth+lidar+mmwave+wifi-csi,1/2/3
26,-0.5645802630484105,NA,NA,NA,0.05310087215723518,0.0001,8895208,vk+depth+lidar+mmwave+wifi-csi,1/2/3
27,-0.5599007593393326,NA,NA,NA,0.05310087215723518,0.0001,8895208,vk+depth+lidar+mmwave+wifi-csi,1/2/3
28,-0.5659629645496607,NA,NA,NA,0.05310087215723518,0.0001,8895208,vk+depth+lidar+mmwave+wifi-csi,1/2/3
29,-0.5719211018085479,NA,NA,NA,0.05310087215723518,0.0001,8895208,vk+depth+lidar+mmwave+wifi-csi,1/2/3
30,-0.5734163342416286,0.0016178635675096293,0.05388659587977072,0.039101964129561954,0.05310087215723518,0.0001,8895208,vk+depth+lidar+mmwave+wifi-csi,1/2/3
31,-0.5737007131204009,NA,NA,NA,0.05310087215723518,0.0001,8895208,vk+depth+lidar+mmwave+wifi-csi,1/2/3
32,-0.5755693960785866,NA,NA,NA,0.05310087215723518,0.0001,8895208,vk+depth+lidar+mmwave+wifi-csi,1/2/3
33,-0.5735906773656607,NA,NA,NA,0.05310087215723518,0.0001,8895208,vk+depth+lidar+mmwave+wifi-csi,1/2/3
34,-0.5813233279287815,NA,NA,NA,0.05310087215723518,0.0001,8895208,vk+depth+lidar+mmwave+wifi-csi,1/2/3
35,-0.5772139490544796,0.0018772231137413335,0.06163490564142071,0.039762649990775514,0.05310087215723518,0.0001,8895208,vk+depth+lidar+mmwave+wifi-csi,1/2/3
36,-0.5725400524884462,NA,NA,NA,0.05310087215723518,0.0001,8895208,vk+depth+lidar+mmwave+wifi-csi,1/2/3
37,-0.580527476452291,NA,NA,NA,0.05310087215723518,0.0001,8895208,vk+depth+lidar+mmwave+wifi-csi,1/2/3
38,-0.5828722463399172,NA,NA,NA,0.05310087215723518,0.0001,8895208,vk+depth+lidar+mmwave+wifi-csi,1/2/3
39,-0.5787868011593819,NA,NA,NA,0.05310087215723518,0.0001,8895208,vk+depth+lidar+mmwave+wifi-csi,1/2/3
40,-0.58218578787148,0.0016114657349760356,0.05505102169925858,0.03527231633659202,0.05310087215723518,0.0001,8895208,vk+depth+lidar+mmwave+wifi-csi,1/2/3
41,-0.5847052394747734,NA,NA,NA,0.05310087215723518,0.0001,8895208,vk+depth+lidar+mmwave+wifi-csi,1/2/3
42,-0.582761681586504,NA,NA,NA,0.05310087215723518,0.0001,8895208,vk+depth+lidar+mmwave+wifi-csi,1/2/3
43,-0.5783028201162815,NA,NA,NA,0.05310087215723518,0.0001,8895208,vk+depth+lidar+mmwave+wifi-csi,1/2/3
44,-0.5871075927019119,NA,NA,NA,0.05310087215723518,0.0001,8895208,vk+depth+lidar+mmwave+wifi-csi,1/2/3
45,-0.5840234718415886,0.0014716545689908767,0.050322586621739336,0.03518257313265581,0.050322586621739336,0.0001,8895208,vk+depth+lidar+mmwave+wifi-csi,1/2/3
46,-0.5855448845028878,NA,NA,NA,0.050322586621739336,0.0001,8895208,vk+depth+lidar+mmwave+wifi-csi,1/2/3
47,-0.5875497305691242,NA,NA,NA,0.050322586621739336,0.0001,8895208,vk+depth+lidar+mmwave+wifi-csi,1/2/3
48,-0.5840368514806032,NA,NA,NA,0.050322586621739336,0.0001,8895208,vk+depth+lidar+mmwave+wifi-csi,1/2/3
49,-0.584947496265173,NA,NA,NA,0.050322586621739336,0.0001,8895208,vk+depth+lidar+mmwave+wifi-csi,1/2/3
50,-0.5896991853676736,0.001611839200830565,0.05491998901562599,0.038042493905864366,0.050322586621739336,0.0001,8895208,vk+depth+lidar+mmwave+wifi-csi,1/2/3
51,-0.5977347300648689,NA,NA,NA,0.050322586621739336,0.0001,8895208,vk+depth+lidar+mmwave+wifi-csi,1/2/3
52,-0.5888084351420403,NA,NA,NA,0.050322586621739336,0.0001,8895208,vk+depth+lidar+mmwave+wifi-csi,1/2/3
53,-0.5934238903224468,NA,NA,NA,0.050322586621739336,0.0001,8895208,vk+depth+lidar+mmwave+wifi-csi,1/2/3
54,-0.5881467555761337,NA,NA,NA,0.050322586621739336,0.0001,8895208,vk+depth+lidar+mmwave+wifi-csi,1/2/3
55,-0.5946163576841355,0.0018439613210340126,0.06074178558990893,0.03807174150467225,0.050322586621739336,0.0001,8895208,vk+depth+lidar+mmwave+wifi-csi,1/2/3
56,-0.5927885167598724,NA,NA,NA,0.050322586621739336,0.0001,8895208,vk+depth+lidar+mmwave+wifi-csi,1/2/3
57,-0.5992348916530609,NA,NA,NA,0.050322586621739336,0.0001,8895208,vk+depth+lidar+mmwave+wifi-csi,1/2/3
58,-0.5929433806836605,NA,NA,NA,0.050322586621739336,0.0001,8895208,vk+depth+lidar+mmwave+wifi-csi,1/2/3
59,-0.6017184216678143,NA,NA,NA,0.050322586621739336,0.0001,8895208,vk+depth+lidar+mmwave+wifi-csi,1/2/3
60,-0.5995270085334777,0.0015177375464513177,0.05167959127187253,0.03734524481036602,0.050322586621739336,0.0001,8895208,vk+depth+lidar+mmwave+wifi-csi,1/2/3
61,-0.594674959897995,NA,NA,NA,0.050322586621739336,0.0001,8895208,vk+depth+lidar+mmwave+wifi-csi,1/2/3
62,-0.6020143319368363,NA,NA,NA,0.050322586621739336,0.0001,8895208,vk+depth+lidar+mmwave+wifi-csi,1/2/3
63,-0.597014454305172,NA,NA,NA,0.050322586621739336,0.0001,8895208,vk+depth+lidar+mmwave+wifi-csi,1/2/3
64,-0.6029098650217056,NA,NA,NA,0.050322586621739336,0.0001,8895208,vk+depth+lidar+mmwave+wifi-csi,1/2/3
65,-0.602829564884305,0.0014459718069465106,0.04992907495560871,0.03428873081564033,0.04992907495560871,0.0001,8895208,vk+depth+lidar+mmwave+wifi-csi,1/2/3
66,-0.6023199056386948,NA,NA,NA,0.04992907495560871,0.0001,8895208,vk+depth+lidar+mmwave+wifi-csi,1/2/3
67,-0.6018398053050041,NA,NA,NA,0.04992907495560871,0.0001,8895208,vk+depth+lidar+mmwave+wifi-csi,1/2/3
68,-0.6008377774655819,NA,NA,NA,0.04992907495560871,0.0001,8895208,vk+depth+lidar+mmwave+wifi-csi,1/2/3
69,-0.60346222050488,NA,NA,NA,0.04992907495560871,0.0001,8895208,vk+depth+lidar+mmwave+wifi-csi,1/2/3
70,-0.6031378488242626,0.0014870400609640938,0.051116271636202935,0.035721614056356585,0.04992907495560871,0.0001,8895208,vk+depth+lidar+mmwave+wifi-csi,1/2/3
71,-0.6063714502453804,NA,NA,NA,0.04992907495560871,0.0001,8895208,vk+depth+lidar+mmwave+wifi-csi,1/2/3
72,-0.6059019598662854,NA,NA,NA,0.04992907495560871,0.0001,8895208,vk+depth+lidar+mmwave+wifi-csi,1/2/3
73,-0.6045153860598803,NA,NA,NA,0.04992907495560871,0.0001,8895208,vk+depth+lidar+mmwave+wifi-csi,1/2/3
74,-0.6023334956169129,NA,NA,NA,0.04992907495560871,0.0001,8895208,vk+depth+lidar+mmwave+wifi-csi,1/2/3
75,-0.6150476303398609,0.0014540756892465802,0.05003468776968392,0.03462183409901553,0.04992907495560871,0.0001,8895208,vk+depth+lidar+mmwave+wifi-csi,1/2/3
76,-0.6050306197702885,NA,NA,NA,0.04992907495560871,0.0001,8895208,vk+depth+lidar+mmwave+wifi-csi,1/2/3
77,-0.6079880120456219,NA,NA,NA,0.04992907495560871,0.0001,8895208,vk+depth+lidar+mmwave+wifi-csi,1/2/3
78,-0.6030381085574626,NA,NA,NA,0.04992907495560871,0.0001,8895208,vk+depth+lidar+mmwave+wifi-csi,1/2/3
79,-0.61433282995224,NA,NA,NA,0.04992907495560871,0.0001,8895208,vk+depth+lidar+mmwave+wifi-csi,1/2/3
80,-0.6094415530860424,0.001536596669606836,0.052648466033274534,0.03629433411146079,0.04992907495560871,0.0001,8895208,vk+depth+lidar+mmwave+wifi-csi,1/2/3
81,-0.6100030014812946,NA,NA,NA,0.04992907495560871,0.0001,8895208,vk+depth+lidar+mmwave+wifi-csi,1/2/3
82,-0.6126348425447941,NA,NA,NA,0.04992907495560871,0.0001,8895208,vk+depth+lidar+mmwave+wifi-csi,1/2/3
83,-0.6083441888391972,NA,NA,NA,0.04992907495560871,0.0001,8895208,vk+depth+lidar+mmwave+wifi-csi,1/2/3
84,-0.6095180099606514,NA,NA,NA,0.04992907495560871,0.0001,8895208,vk+depth+lidar+mmwave+wifi-csi,1/2/3
85,-0.6107094563245773,0.0015160835025695477,0.0520939935983149,0.03625328507519657,0.04992907495560871,0.0001,8895208,vk+depth+lidar+mmwave+wifi-csi,1/2/3
86,-0.6131420616805553,NA,NA,NA,0.04992907495560871,0.0001,8895208,vk+depth+lidar+mmwave+wifi-csi,1/2/3
87,-0.6120866979360581,NA,NA,NA,0.04992907495560871,0.0001,8895208,vk+depth+lidar+mmwave+wifi-csi,1/2/3
88,-0.6157440511882305,NA,NA,NA,0.04992907495560871,0.0001,8895208,vk+depth+lidar+mmwave+wifi-csi,1/2/3
89,-0.6170555422604084,NA,NA,NA,0.04992907495560871,0.0001,8895208,vk+depth+lidar+mmwave+wifi-csi,1/2/3
90,-0.6134141383767128,0.0014926202361416087,0.05146027589083268,0.036171103546650686,0.04992907495560871,0.0001,8895208,vk+depth+lidar+mmwave+wifi-csi,1/2/3
91,-0.6129742951095104,NA,NA,NA,0.04992907495560871,0.0001,8895208,vk+depth+lidar+mmwave+wifi-csi,1/2/3
92,-0.6162081240266561,NA,NA,NA,0.04992907495560871,0.0001,8895208,vk+depth+lidar+mmwave+wifi-csi,1/2/3
93,-0.6139326050579548,NA,NA,NA,0.04992907495560871,0.0001,8895208,vk+depth+lidar+mmwave+wifi-csi,1/2/3
94,-0.6161808215528727,NA,NA,NA,0.04992907495560871,0.0001,8895208,vk+depth+lidar+mmwave+wifi-csi,1/2/3
95,-0.618327835701406,0.0016047124874702368,0.05463825304524339,0.03629516774547125,0.04992907495560871,0.0001,8895208,vk+depth+lidar+mmwave+wifi-csi,1/2/3
96,-0.6184193707108497,NA,NA,NA,0.04992907495560871,0.0001,8895208,vk+depth+lidar+mmwave+wifi-csi,1/2/3
97,-0.6202286176383496,NA,NA,NA,0.04992907495560871,0.0001,8895208,vk+depth+lidar+mmwave+wifi-csi,1/2/3
98,-0.6218440177738667,NA,NA,NA,0.04992907495560871,0.0001,8895208,vk+depth+lidar+mmwave+wifi-csi,1/2/3
99,-0.6187333835959434,NA,NA,NA,0.04992907495560871,0.0001,8895208,vk+depth+lidar+mmwave+wifi-csi,1/2/3
100,-0.6200215894877911,0.001421686232251343,0.049192635154332774,0.03462809274490363,0.049192635154332774,0.0001,8895208,vk+depth+lidar+mmwave+wifi-csi,1/2/3
